<CBRN_Sourceterm Version="23">
<Header><Author>ARGOS application: 9.3.8.0  - User: msolberg</Author>
<SourceDoc/>
<Place>
<Location Longitude="-1.18083333333333" Latitude="54.6344444444444"/></Place>
<Comments><Comment>Created on: 2016-06-23T07:24:09Z</Comment><Comment>Generated by ARGOS from an incident</Comment><Comment>based on a release from a Radiological Source</Comment></Comments></Header><SourceDomain>N</SourceDomain>
<ItemsTot Number="1">
<Item ItemName="Cs-137" ItemNum="169"/></ItemsTot><TimeOfInitialRelease>2016-06-23T07:23:00Z</TimeOfInitialRelease>
<Source SourceId="00">
<TimeIndependent>
<SizeBins Number="2">
<SizeBin BinId="0" ParticleDiameter="0" ParticleDensity="0"/>
<SizeBin BinId="1" ParticleDiameter="0.000001" ParticleDensity="1000"/></SizeBins><StartTime>2016-06-23T07:23:00Z</StartTime>
<StartPosition Longitude="-1.18083" Latitude="54.6344" HeightAboveGround="100" HeightAboveGroundMax="0" Datum="WGS84"/>
<SourceItems Number="1">
<SourceItem ItemName="Cs-137" Parameters="Lookup"/></SourceItems></TimeIndependent>
<TimeDependent>
<ReleaseInterval>
<SourceTime EndTime="P2DT12H"/>
<SourceStrength ItemName="Cs-137" Unit="Bq/s">
<BinStrength BinId="1" Value="1"/></SourceStrength>
<SourcePosition Longitude="-1.18083" Latitude="54.6344" HeightAboveGround="100" HeightAboveGroundMax="0" Datum="WGS84"/>
<SourcePuffSigmaYZ Unit="m" SigmaY="1" SigmaZ="1"/>
<SourceHeat Unit="W" Value="0"/></ReleaseInterval></TimeDependent></Source></CBRN_Sourceterm>
