Start time [seconds since 1994-10-23T15:00:00Z],  End time [seconds since 1994-10-23T15:00:00Z],  Component name,  Lower height [m],  Upper height [m],  Accumulated activity per timestep [Bq/timestep]
   3600,   3900,PMCH           ,   8.000,  50.000,2.39400E+03
   3900,   4200,PMCH           ,   8.000,  50.000,2.39400E+03
   4200,   4500,PMCH           ,   8.000,  50.000,2.39400E+03
   4500,   4800,PMCH           ,   8.000,  50.000,2.39400E+03
   4800,   5100,PMCH           ,   8.000,  50.000,2.39400E+03
   5100,   5400,PMCH           ,   8.000,  50.000,2.39400E+03
   5400,   5700,PMCH           ,   8.000,  50.000,2.39400E+03
   5700,   6000,PMCH           ,   8.000,  50.000,2.39400E+03
   6000,   6300,PMCH           ,   8.000,  50.000,2.39400E+03
   6300,   6600,PMCH           ,   8.000,  50.000,2.39400E+03
   6600,   6900,PMCH           ,   8.000,  50.000,2.39400E+03
   6900,   7200,PMCH           ,   8.000,  50.000,2.39400E+03
   7200,   7500,PMCH           ,   8.000,  50.000,2.39400E+03
   7500,   7800,PMCH           ,   8.000,  50.000,2.39400E+03
   7800,   8100,PMCH           ,   8.000,  50.000,2.39400E+03
   8100,   8400,PMCH           ,   8.000,  50.000,2.39400E+03
   8400,   8700,PMCH           ,   8.000,  50.000,2.39400E+03
   8700,   9000,PMCH           ,   8.000,  50.000,2.39400E+03
   9000,   9300,PMCH           ,   8.000,  50.000,2.39400E+03
   9300,   9600,PMCH           ,   8.000,  50.000,2.39400E+03
   9600,   9900,PMCH           ,   8.000,  50.000,2.39400E+03
   9900,  10200,PMCH           ,   8.000,  50.000,2.39400E+03
  10200,  10500,PMCH           ,   8.000,  50.000,2.39400E+03
  10500,  10800,PMCH           ,   8.000,  50.000,2.39400E+03
  10800,  11100,PMCH           ,   8.000,  50.000,2.39400E+03
  11100,  11400,PMCH           ,   8.000,  50.000,2.39400E+03
  11400,  11700,PMCH           ,   8.000,  50.000,2.39400E+03
  11700,  12000,PMCH           ,   8.000,  50.000,2.39400E+03
  12000,  12300,PMCH           ,   8.000,  50.000,2.39400E+03
  12300,  12600,PMCH           ,   8.000,  50.000,2.39400E+03
  12600,  12900,PMCH           ,   8.000,  50.000,2.39400E+03
  12900,  13200,PMCH           ,   8.000,  50.000,2.39400E+03
  13200,  13500,PMCH           ,   8.000,  50.000,2.39400E+03
  13500,  13800,PMCH           ,   8.000,  50.000,2.39400E+03
  13800,  14100,PMCH           ,   8.000,  50.000,2.39400E+03
  14100,  14400,PMCH           ,   8.000,  50.000,2.39400E+03
  14400,  14700,PMCH           ,   8.000,  50.000,2.39400E+03
  14700,  15000,PMCH           ,   8.000,  50.000,2.39400E+03
  15000,  15300,PMCH           ,   8.000,  50.000,2.39400E+03
  15300,  15600,PMCH           ,   8.000,  50.000,2.39400E+03
  15600,  15900,PMCH           ,   8.000,  50.000,2.39400E+03
  15900,  16200,PMCH           ,   8.000,  50.000,2.39400E+03
  16200,  16500,PMCH           ,   8.000,  50.000,2.39400E+03
  16500,  16800,PMCH           ,   8.000,  50.000,2.39400E+03
  16800,  17100,PMCH           ,   8.000,  50.000,2.39400E+03
  17100,  17400,PMCH           ,   8.000,  50.000,2.39400E+03
  17400,  17700,PMCH           ,   8.000,  50.000,2.39400E+03
  17700,  18000,PMCH           ,   8.000,  50.000,2.39400E+03
  18000,  18300,PMCH           ,   8.000,  50.000,2.39400E+03
  18300,  18600,PMCH           ,   8.000,  50.000,2.39400E+03
  18600,  18900,PMCH           ,   8.000,  50.000,2.39400E+03
